group,n,BLIP_acc,BLIP_n,ViLT_acc,ViLT_n
S1 Open-ended retrieval (query),68167,0.45089266067158595,68167,0.42604192644534744,68167
S2 Binary perception (verify + logical),43509,0.6600013790250293,43509,0.6290192833666598,43509
S3 Constrained choice (choose + compare),20386,0.5896203276758559,20386,0.5338467575787305,20386
V1 Relational/spatial (rel),61634,0.5045591718856476,61634,0.4781938540416004,61634
V2 Attribute recognition (attr),42201,0.5786592734769318,42201,0.5420724627378498,42201
V3 Object detection (obj),15564,0.5642508352608584,15564,0.5357877152402981,15564
V4 Categorization (cat),8616,0.566736304549675,8616,0.5181058495821727,8616
V5 Scene understanding (global),4047,0.5656041512231282,4047,0.5290338522362243,4047
