,rel,attr,obj,cat,global
query,0.41794528030190176,0.5051956665929692,,0.5341684064022268,0.3537519142419602
verify,0.7223432893218819,0.6717993294424438,0.7863841611670719,,0.9556313993174061
logical,,0.7077103488712987,0.5138352384706346,,
choose,0.5203336809176226,0.6404335532516494,,0.7302585604472397,0.9442446043165468
compare,,0.48592735145537647,,,
