,rel,attr,obj,cat,global
query,0.3677193505139282,0.4843577271722308,,0.48030619345859427,0.30895865237366005
verify,0.6836303038072042,0.6499441202036508,0.7401875651267801,,0.9510807736063709
logical,,0.6722368806801524,0.4893969255025621,,
choose,0.5069516857838026,0.5371112158341188,,0.6072676450034941,0.89568345323741
compare,,0.4876112581188357,,,
