,rel,attr,obj,cat,global
query,0.38172203187844483,0.5048087552509396,,0.5174669450243563,0.34915773353751917
verify,0.7223432893218819,0.6717993294424438,0.7863841611670719,,0.9556313993174061
logical,,0.7077103488712987,0.5138352384706346,,
choose,0.5201598887730274,0.6404335532516494,,0.7288609364081062,0.9442446043165468
compare,,0.48568679336059656,,,
