,rel,attr,obj,cat,global
query,0.0177764536471523,0.021280123811629414,,0.03535142658315937,0.04019908116385912
verify,0.03871298551467761,0.021855209238793027,0.046196596040291804,,0.004550625711035261
logical,,0.035473468191146273,0.02443831296807253,,
choose,0.013034410844629862,0.103440150801131,,0.11530398322851154,0.04856115107913672
compare,,-0.0016839066634592448,,,
