,rel,attr,obj,cat,global
query,0.39341576046476984,0.48562900729604247,,0.4988169798190675,0.30895865237366005
verify,0.6836303038072042,0.6499441202036508,0.7401875651267801,,0.9510807736063709
logical,,0.6722368806801524,0.4893969255025621,,
choose,0.5072992700729927,0.538760603204524,,0.6149545772187281,0.89568345323741
compare,,0.4876112581188357,,,
