group,n,BLIP_acc,BLIP_n,ViLT_acc,ViLT_n
S1 Open-ended retrieval (query),68167,0.44718118737805684,68167,0.4257631992019599,68167
S2 Binary perception (verify + logical),43509,0.6600013790250293,43509,0.6290192833666598,43509
S3 Constrained choice (choose + compare),20386,0.5903561267536545,20386,0.5345335033846758,20386
V1 Relational/spatial (rel),61634,0.5001460232988286,61634,0.47751241198040045,61634
V2 Attribute recognition (attr),42201,0.5797492950404018,42201,0.5429492192128149,42201
V3 Object detection (obj),15564,0.5642508352608584,15564,0.5357877152402981,15564
V4 Categorization (cat),8616,0.566736304549675,8616,0.5181058495821727,8616
V5 Scene understanding (global),4047,0.5626389918458117,4047,0.5290338522362243,4047
