,rel,attr,obj,cat,global
query,0.014002681364516656,0.0204510280787088,,0.03716075156576204,0.04019908116385912
verify,0.03871298551467761,0.021855209238793027,0.046196596040291804,,0.004550625711035261
logical,,0.035473468191146273,0.02443831296807253,,
choose,0.013208202989224871,0.10332233741753061,,0.12159329140461217,0.04856115107913672
compare,,-0.0019244647582391528,,,
