,rel,attr,obj,cat,global
query,0.41871895148504384,0.4939840323850219,,0.5324617441687713,0.34398976982097185
verify,0.6836303038072042,0.6499441202036508,0.7401875651267801,,0.9510807736063709
logical,,0.6722368806801524,0.4893969255025621,,
choose,0.5079171741778319,0.5574789711081312,,0.6376811594202898,0.9104204753199269
compare,,0.5014844136566057,,,
