group,n,BLIP_acc,BLIP_n,ViLT_acc,ViLT_n
S1 Open-ended retrieval (query),64707,0.4688673559274885,64707,0.44852952539910673,64707
S2 Binary perception (verify + logical),43509,0.6600013790250293,43509,0.6290192833666598,43509
S3 Constrained choice (choose + compare),19919,0.5993774787890959,19919,0.5470656157437622,19919
V1 Relational/spatial (rel),59193,0.518726876488774,59193,0.497204061291031,59193
V2 Attribute recognition (attr),41495,0.5875888661284492,41495,0.5521870104831907,41495
V3 Object detection (obj),15564,0.5642508352608584,15564,0.5357877152402981,15564
V4 Categorization (cat),8111,0.5984465540623845,8111,0.5503637036123783,8111
V5 Scene understanding (global),3772,0.602067868504772,3772,0.5676033934252386,3772
