,rel,attr,obj,cat,global
query,0.4344678152415178,0.5156302709996626,,0.5672262665280048,0.38704177323103156
verify,0.7223432893218819,0.6717993294424438,0.7863841611670719,,0.9556313993174061
logical,,0.7077103488712987,0.5138352384706346,,
choose,0.520793457456064,0.6545166402535658,,0.7507246376811594,0.9561243144424132
compare,,0.49925779317169716,,,
