,rel,attr,obj,cat,global
query,0.01574886375647394,0.02164623861464071,,0.03476452235923344,0.043052003410059714
verify,0.03871298551467761,0.021855209238793027,0.046196596040291804,,0.004550625711035261
logical,,0.035473468191146273,0.02443831296807253,,
choose,0.012876283278232092,0.09703766914543466,,0.11304347826086958,0.04570383912248632
compare,,-0.0022266204849085147,,,
