,rel,attr,obj,cat,global
query,0.023486766969561534,0.020837939420738416,,0.03535142658315937,0.04479326186830013
verify,0.03871298551467761,0.021855209238793027,0.046196596040291804,,0.004550625711035261
logical,,0.035473468191146273,0.02443831296807253,,
choose,0.013034410844629862,0.10332233741753061,,0.11530398322851154,0.04856115107913672
compare,,-0.0016839066634592448,,,
